Cycle Nr.,1,2,3,4,5,6,7,8,9,1,2,3,4,5,6,7,8,1,2,3,4,5,6,7,8,9,10,11,12,13,14,15,16,17,18,19,20,21,22,23,24,25,26,27,28,29,30,31,32,33,34,35,36,37,38,39,40,41,42,43,44,45,46,47,48,49,50,51,52,53,54,55,56,57,58,59,60,61,62,63,64,65,66,67,68,69,70,71,72,73,74,75,76,77,78,79,80,81,82,83,1,2,3,4,5,6,7,8,9,10,11,12,13,14,15,16,17
Time [s],0,650.2,1299.2,1948.5,2597.6,3246.7,3895.9,4544.8,5194.1,0,650.3,1299.8,1949.3,2598.8,3248.3,3897.7,4547.4,0,650.1,1299.9,1949.5,2599,3248.8,3898.4,4548,5197.5,5847.3,6496.8,7146.5,7796,8445.8,9095.4,9745.1,10394.5,11044.3,11693.8,12343.6,12993,13642.8,14292.5,14942,15591.7,16241.2,16891,17540.5,18190.3,18839.9,19489.5,20139.2,20788.8,21438.4,22088,22737.6,23387.3,24036.9,24686.5,25336.2,25985.7,26635.4,27284.9,27934.7,28584.3,29233.8,29883.6,30533.2,31182.8,31832.3,32482.1,33131.6,33781.4,34431.8,35080.6,35730.1,36379.9,37029.4,37679.1,38328.6,38978.4,39627.8,40277.6,40927.1,41576.9,42226.3,42876.1,43525.6,44175.4,44824.9,45474.6,46124.1,46773.9,47423.5,48073.1,48722.8,49372.4,50022,50671.6,51321.1,51970.9,52620.4,53270.2,0,650.2,1299.8,1949.4,2599.1,3248.7,3898.2,4548,5197.6,5847.2,6496.6,7146.4,7796,8445.5,9095.2,9744.6,10394.3
Time [actual],0,650.2,1299.2,1948.5,2597.6,3246.7,3895.9,4544.8,5194.1,6916.1,7566.4,8215.9,8865.4,9514.9,10164.4,10813.8,11463.5,12508.5,13158.6,13808.4,14458,15107.5,15757.3,16406.9,17056.5,17706,18355.8,19005.3,19655,20304.5,20954.3,21603.9,22253.6,22903,23552.8,24202.3,24852.1,25501.5,26151.3,26801,27450.5,28100.2,28749.7,29399.5,30049,30698.8,31348.4,31998,32647.7,33297.3,33946.9,34596.5,35246.1,35895.8,36545.4,37195,37844.7,38494.2,39143.9,39793.4,40443.2,41092.8,41742.3,42392.1,43041.7,43691.3,44340.8,44990.6,45640.1,46289.9,46940.3,47589.1,48238.6,48888.4,49537.9,50187.6,50837.1,51486.9,52136.3,52786.1,53435.6,54085.4,54734.8,55384.6,56034.1,56683.9,57333.4,57983.1,58632.6,59282.4,59932,60581.6,61231.3,61880.9,62530.5,63180.1,63829.6,64479.4,65128.9,65778.7,66599.7,67249.9,67899.5,68549.1,69198.8,69848.4,70497.9,71147.7,71797.3,72446.9,73096.3,73746.1,74395.7,75045.2,75694.9,76344.3,76994
Time [hrs],0,0.180611111,0.360888889,0.54125,0.721555556,0.901861111,1.082194444,1.262444444,1.442805556,1.921138889,2.101777778,2.282194444,2.462611111,2.643027778,2.823444444,3.003833333,3.184305556,3.474583333,3.655166667,3.835666667,4.016111111,4.196527778,4.377027778,4.557472222,4.737916667,4.918333333,5.098833333,5.27925,5.459722222,5.640138889,5.820638889,6.001083333,6.181555556,6.361944444,6.542444444,6.722861111,6.903361111,7.08375,7.26425,7.444722222,7.625138889,7.805611111,7.986027778,8.166527778,8.346944444,8.527444444,8.707888889,8.888333333,9.068805556,9.24925,9.429694444,9.610138889,9.790583333,9.971055556,10.1515,10.33194444,10.51241667,10.69283333,10.87330556,11.05372222,11.23422222,11.41466667,11.59508333,11.77558333,11.95602778,12.13647222,12.31688889,12.49738889,12.67780556,12.85830556,13.03897222,13.21919444,13.39961111,13.58011111,13.76052778,13.941,14.12141667,14.30191667,14.48230556,14.66280556,14.84322222,15.02372222,15.20411111,15.38461111,15.56502778,15.74552778,15.92594444,16.10641667,16.28683333,16.46733333,16.64777778,16.82822222,17.00869444,17.18913889,17.36958333,17.55002778,17.73044444,17.91094444,18.09136111,18.27186111,18.49991667,18.68052778,18.86097222,19.04141667,19.22188889,19.40233333,19.58275,19.76325,19.94369444,20.12413889,20.30452778,20.48502778,20.66547222,20.84588889,21.02636111,21.20675,21.38722222
Temp. [°C],37.3,36.8,37.5,37.5,37.5,37.2,36.9,37.3,37.6,37.6,36.8,37.6,36.9,37.7,37.3,36.8,37.7,36.9,37.6,37.3,36.8,37.6,37.5,37.2,36.8,37.5,37.6,37.2,36.8,37.4,37.7,37.6,37.2,36.8,37.6,37.6,37.1,36.8,37.7,37.7,37.4,36.8,37.5,37.7,37.4,36.9,37.4,37.7,37.5,37.1,37.2,37.6,37.2,36.8,37.7,37.4,36.9,37.2,37.6,37.2,36.8,37.5,37.7,37.1,36.8,37.7,37.5,36.9,37.6,37.6,37.2,36.9,37.7,37.6,37.2,36.9,37.6,37.5,37.2,37,37.6,37.3,36.9,37.3,37.6,37.1,36.8,37.7,37.5,37.1,36.8,37.6,37.4,36.9,37.5,37.7,37.3,36.9,37.4,37.7,37.6,37.1,37.1,37.7,37.2,36.8,37.6,37.6,37.2,37,36.8,37.6,37.7,37.6,37.5,37.2,37.1
A1,43,44,46,46,47,48,49,47,51,78,95,93,97,100,96,96,99,111,113,107,110,107,105,109,106,110,107,109,106,105,102,103,113,109,106,106,102,106,108,107,99,96,101,103,103,103,99,104,102,102,101,104,105,105,103,105,104,101,102,102,109,103,101,101,103,101,100,97,99,103,105,100,99,103,103,99,99,104,100,99,101,104,103,104,101,100,101,102,102,98,101,103,99,103,102,103,101,103,100,102,40,38,42,38,40,40,40,39,42,40,36,41,41,38,38,40,39
A2,46,46,46,51,49,51,52,53,50,42,41,40,44,42,41,40,40,41,39,43,41,41,42,38,41,41,41,40,39,40,41,41,42,39,39,42,38,37,40,42,40,39,39,39,40,40,42,43,40,41,40,40,41,41,40,41,41,41,39,41,39,40,40,41,39,39,41,41,40,38,38,42,41,40,40,42,40,41,38,40,37,40,42,39,38,40,41,40,40,40,40,40,38,40,42,40,39,41,39,38,41,42,42,39,41,42,42,41,39,42,39,41,42,42,40,43,43
A3,44,44,47,49,50,51,52,51,51,39,38,40,43,41,40,42,40,39,42,39,42,40,39,41,40,41,41,41,39,41,40,39,39,42,40,42,40,38,38,42,41,38,37,40,41,40,39,42,38,40,39,41,41,39,43,38,40,40,37,40,42,42,37,41,39,40,42,38,40,41,41,44,40,39,39,39,41,39,39,41,38,39,41,36,39,40,41,40,40,38,40,39,40,39,39,41,39,38,39,40,39,39,40,43,40,40,41,42,42,42,41,41,40,40,42,40,44
A4,43,45,48,49,50,52,49,51,52,40,38,39,40,42,41,41,42,42,41,44,41,41,40,41,40,41,39,40,40,40,39,37,42,40,40,39,38,40,38,41,39,40,38,38,39,40,39,41,37,41,39,39,41,41,39,40,40,42,37,41,41,40,39,40,39,39,41,41,39,37,39,40,40,40,39,39,39,40,40,43,39,39,38,39,40,40,39,41,38,40,39,39,41,41,41,39,40,40,38,39,41,40,40,39,40,41,43,41,40,41,43,43,43,42,43,41,44
A5,46,50,48,48,50,53,54,52,54,45,38,43,44,41,42,43,42,42,41,40,41,41,40,42,44,41,39,43,39,39,41,41,41,40,39,41,41,44,39,43,40,40,42,38,41,43,40,39,39,40,42,40,42,40,40,41,40,42,40,40,41,41,39,35,40,40,41,40,40,40,42,36,41,40,40,39,38,40,41,39,40,41,39,41,40,39,42,40,40,41,40,40,38,40,37,35,40,38,38,41,43,44,45,44,43,43,44,44,41,45,42,46,43,41,43,44,43
A6,42,47,47,48,48,51,50,50,51,43,39,39,41,43,41,39,42,41,41,39,41,40,41,38,42,39,39,40,40,41,39,39,41,40,40,40,41,40,38,41,38,41,40,39,38,38,40,38,39,39,40,41,40,42,39,41,41,39,39,41,40,40,40,39,40,38,38,37,39,39,42,41,41,41,41,41,37,40,40,40,40,40,39,39,39,40,40,40,40,40,38,40,37,38,38,38,40,37,40,39,40,40,41,40,38,41,39,41,41,39,41,41,41,41,42,41,41
A7,42,45,46,46,49,48,50,50,51,41,40,39,38,38,41,40,39,38,35,39,41,40,38,38,39,38,39,39,40,35,39,40,40,41,37,38,38,38,38,37,34,36,36,38,39,40,37,39,38,40,39,38,39,37,36,37,38,39,39,38,39,38,36,36,37,41,36,36,35,37,38,38,36,37,40,37,38,39,38,39,39,38,37,36,40,35,38,38,39,37,35,38,38,37,37,38,38,37,38,39,39,37,37,40,39,38,39,40,38,40,40,43,41,40,40,40,37
A8,43,47,48,48,48,51,50,51,51,39,37,40,38,40,40,40,39,41,40,38,38,39,39,39,37,38,37,39,37,38,39,37,41,40,39,41,40,39,42,39,37,40,39,41,38,38,39,37,38,39,39,39,38,38,38,40,38,38,39,39,39,39,37,41,41,39,40,40,38,40,38,37,37,37,40,40,39,40,37,39,39,40,36,40,38,42,39,39,36,39,42,38,38,40,37,39,37,39,36,41,38,42,39,41,39,43,39,42,40,37,43,39,39,42,41,41,40
A9,43,44,50,48,49,53,51,51,51,42,39,38,41,39,40,40,41,41,37,40,38,41,40,40,41,40,41,40,43,39,38,38,39,39,41,41,39,42,39,40,39,40,39,40,40,41,38,37,39,42,41,40,39,38,40,37,41,42,41,41,43,39,39,39,39,42,39,39,41,40,39,39,39,39,39,39,40,43,38,41,39,38,40,37,38,42,39,40,38,38,41,39,39,41,37,38,39,41,39,40,42,42,41,39,42,41,40,41,42,40,41,43,39,42,41,41,41
A10,42,45,47,49,49,48,51,51,51,39,38,39,42,43,41,41,39,63,64,62,70,65,72,72,73,73,72,71,73,75,74,73,75,74,72,73,75,71,75,73,75,73,75,72,72,75,74,73,72,71,71,74,74,71,73,73,74,74,73,73,72,68,71,72,71,71,75,75,72,75,77,74,72,78,78,69,78,73,75,78,73,76,73,72,73,72,75,75,74,72,72,73,73,75,74,72,75,75,69,72,42,42,39,40,41,42,41,40,40,41,41,38,40,42,40,43,40
A11,46,46,48,47,48,49,50,52,54,40,40,42,41,39,40,42,38,92,91,88,87,85,80,86,84,85,81,82,83,79,78,81,81,83,82,82,80,77,84,85,80,79,79,80,79,80,79,80,86,81,83,79,82,79,83,82,82,79,80,82,81,83,80,77,83,79,78,79,79,80,83,77,83,81,82,78,80,81,81,78,80,85,81,77,79,81,79,81,81,77,80,81,84,81,82,82,81,79,80,78,37,40,40,39,39,42,40,40,41,42,40,40,43,40,40,40,42
A12,38,41,42,42,45,45,48,43,46,35,34,35,35,34,35,36,34,45,45,40,38,37,38,37,35,40,36,35,40,37,35,36,37,35,37,35,36,36,38,37,34,36,34,37,33,35,34,35,37,37,35,37,33,36,35,37,38,34,37,36,33,38,36,36,37,37,37,34,36,34,34,35,35,35,37,34,35,35,36,37,33,35,35,37,35,35,35,36,35,40,37,34,35,35,36,35,35,34,36,35,38,35,36,37,39,36,36,36,36,37,36,38,36,36,36,36,36
B1,47,49,50,52,52,55,56,56,56,45,44,44,46,44,44,47,42,43,48,43,43,44,43,44,45,43,46,45,46,43,43,44,44,43,41,45,41,43,44,46,43,42,45,44,42,43,45,43,45,43,44,43,46,45,45,45,47,43,47,44,45,45,48,43,44,47,43,44,45,46,44,44,43,42,45,44,44,44,44,41,45,42,46,46,44,45,45,48,44,46,47,46,44,45,44,44,44,45,45,42,44,46,48,47,44,46,48,46,44,46,48,48,45,47,46,49,45
B2,60,61,66,71,64,66,69,66,69,52,54,52,53,53,54,50,53,55,56,54,55,53,55,51,52,54,53,55,56,57,55,53,53,51,55,54,51,54,60,54,52,51,52,53,54,54,51,54,52,53,52,54,53,50,54,56,57,54,54,53,51,54,54,53,57,53,53,55,53,53,55,52,55,55,51,54,52,53,54,52,54,53,55,52,54,52,54,55,51,53,55,54,54,52,52,52,56,55,52,51,54,55,52,56,53,55,54,59,57,58,54,59,57,55,60,57,57
B3,81,84,82,82,80,81,83,84,83,78,75,74,77,80,76,87,100,105,108,125,135,160,147,162,170,146,165,166,173,172,178,189,199,211,219,236,262,284,299,345,408,475,558,634,741,813,911,1020,1082,1152,1138,1179,1214,1259,1295,1325,1345,1339,1364,1405,1411,1428,1448,1453,1447,1449,1462,1460,1480,1493,1487,1496,1493,1505,1507,1520,1539,1530,1512,1510,1536,1554,1541,1540,1547,1527,1533,1537,1547,1551,1574,1548,1542,1555,1566,1573,1565,1550,1537,1576,1699,1669,1652,1602,1602,1608,1608,1603,1581,1598,1618,1634,1619,1645,1617,1608,1630
B4,76,76,79,83,80,84,81,82,85,74,74,75,74,74,78,81,81,98,92,101,121,129,136,148,146,144,151,154,160,161,171,188,192,205,214,229,252,278,313,358,411,474,553,624,742,810,887,1028,1132,1186,1219,1231,1267,1318,1333,1388,1400,1391,1409,1443,1479,1507,1495,1528,1534,1510,1525,1519,1565,1567,1537,1555,1549,1577,1569,1595,1608,1601,1578,1590,1601,1629,1601,1606,1621,1604,1606,1599,1614,1625,1640,1647,1611,1643,1646,1664,1640,1625,1625,1636,1828,1742,1734,1695,1694,1703,1711,1695,1674,1689,1717,1690,1724,1714,1689,1697,1720
B5,77,77,78,81,75,78,80,80,78,72,71,69,68,69,74,74,82,93,93,97,110,123,130,133,145,153,148,155,165,158,174,173,186,193,205,218,231,255,288,319,358,412,473,568,672,745,820,948,1083,1156,1179,1212,1233,1287,1310,1340,1370,1374,1409,1432,1425,1457,1487,1498,1485,1478,1489,1505,1523,1544,1539,1527,1532,1540,1576,1566,1574,1562,1547,1556,1590,1601,1588,1582,1605,1568,1565,1591,1598,1606,1641,1625,1586,1624,1639,1631,1627,1606,1618,1627,1782,1708,1703,1646,1674,1693,1680,1668,1647,1669,1675,1688,1693,1685,1671,1660,1673
B6,75,75,72,72,74,73,76,76,81,67,71,70,65,63,65,71,73,74,76,79,76,76,78,78,78,79,75,71,72,73,76,76,78,80,75,77,82,82,73,73,80,76,82,80,77,78,79,83,80,80,75,75,83,86,80,76,72,80,82,87,84,84,78,74,71,76,80,83,83,79,76,75,81,81,87,79,76,76,78,82,84,81,86,84,86,80,84,84,85,86,78,78,78,82,75,74,72,80,79,81,73,73,72,71,71,73,68,69,72,71,75,73,66,66,72,73,73
B7,66,66,71,72,72,72,71,72,72,66,63,62,63,64,63,63,60,55,52,52,50,53,54,56,54,55,55,57,58,52,54,53,53,55,56,54,53,53,55,55,55,52,53,57,56,54,55,52,56,55,55,55,52,54,58,52,56,56,54,49,53,55,59,57,62,56,53,55,53,58,56,58,51,55,55,53,56,57,56,55,55,56,50,54,54,56,53,52,54,55,55,57,56,55,53,57,55,52,53,48,57,59,59,58,59,62,60,56,62,56,55,56,62,58,58,57,57
B8,78,84,79,81,79,76,81,81,83,78,76,74,75,73,78,77,83,95,99,101,110,116,116,140,153,156,156,160,169,170,175,182,193,204,215,229,253,276,298,326,365,416,456,539,599,668,770,869,976,1127,1259,1426,1564,1707,1857,1959,2089,2164,2342,2452,2553,2595,2643,2668,2694,2682,2703,2732,2779,2824,2805,2838,2854,2884,2922,2917,2943,2953,2956,2965,3006,2993,2991,3007,3004,2978,3014,3029,3062,3092,3055,3079,3029,3086,3089,3114,3070,3081,3097,3103,3352,3233,3204,3118,3129,3164,3165,3115,3102,3125,3153,3169,3179,3173,3125,3144,3185
B9,77,76,81,85,84,79,83,88,83,79,85,86,86,85,88,96,97,115,117,119,124,137,145,153,159,175,167,183,181,192,204,200,217,235,236,257,285,308,328,366,410,459,522,581,661,761,848,949,1071,1224,1378,1529,1672,1822,1965,2080,2204,2331,2483,2560,2635,2669,2708,2726,2777,2764,2770,2831,2876,2909,2916,2921,2945,2970,2971,3013,3053,3028,3004,3032,3080,3088,3050,3091,3098,3060,3074,3099,3104,3151,3153,3153,3119,3157,3181,3186,3155,3136,3133,3173,3389,3221,3228,3142,3140,3158,3182,3140,3136,3147,3128,3154,3195,3213,3146,3156,3178
B10,81,76,80,81,85,84,84,82,86,78,76,78,77,83,84,84,85,111,110,109,118,128,124,139,160,156,163,149,177,182,189,199,212,225,233,260,273,307,329,376,418,477,530,627,697,788,908,1018,1157,1319,1500,1641,1812,1979,2130,2285,2431,2556,2618,2674,2703,2762,2812,2850,2876,2857,2892,2913,2943,3002,2970,2995,3014,3051,3075,3117,3111,3145,3094,3111,3152,3158,3152,3150,3173,3168,3161,3166,3176,3225,3238,3238,3201,3239,3254,3245,3218,3199,3251,3227,3478,3274,3247,3173,3156,3176,3163,3163,3153,3145,3159,3206,3196,3216,3170,3163,3186
B11,42,45,49,48,49,51,51,52,52,38,40,42,41,41,42,41,42,41,38,41,40,42,40,38,36,41,39,39,40,39,38,39,39,36,40,40,40,39,39,38,38,38,38,38,40,38,39,39,40,39,38,40,40,39,40,41,41,39,38,40,40,42,39,39,38,39,41,41,41,40,38,39,39,39,39,42,38,39,41,38,42,37,38,39,40,39,37,37,39,37,40,40,39,40,40,39,37,41,40,41,41,41,39,41,42,38,43,42,38,39,40,43,41,39,41,43,41
B12,46,46,49,49,53,54,54,56,53,45,41,42,43,41,44,40,42,45,44,64,89,96,107,115,119,110,116,118,120,123,126,131,128,132,126,129,126,132,124,128,132,128,135,135,130,133,130,137,131,128,130,135,130,136,125,127,126,138,132,131,136,128,129,130,126,130,137,136,131,132,129,133,129,133,133,129,130,130,129,130,136,122,133,132,128,127,128,125,135,131,129,130,128,127,127,130,131,135,130,131,42,42,39,42,43,40,43,42,43,45,42,45,45,42,42,42,43
C1,48,49,50,51,54,55,55,58,58,41,42,43,42,43,42,44,41,43,42,43,41,43,43,41,42,42,44,41,40,44,44,41,43,43,43,42,41,41,44,42,41,43,42,40,39,44,43,41,45,42,44,45,42,43,44,42,45,41,45,42,43,44,42,42,43,43,44,41,42,42,42,43,40,42,44,44,42,41,44,41,44,44,43,42,42,42,42,41,42,43,43,46,42,46,42,43,42,41,43,44,44,46,45,44,45,46,44,47,45,45,45,47,46,47,46,44,45
C2,43,47,48,50,49,49,51,52,51,37,40,42,42,39,41,42,41,40,40,41,40,44,37,39,39,42,40,40,39,40,43,40,42,40,42,39,41,38,40,41,39,40,38,39,40,42,41,42,41,42,41,39,39,41,40,42,42,38,40,42,40,40,40,41,42,40,41,41,41,42,41,41,38,41,42,41,40,41,39,38,40,40,38,40,41,39,40,40,41,40,43,41,38,40,41,39,39,40,41,38,43,41,40,39,43,42,43,43,43,42,41,42,42,43,44,43,44
C3,44,46,46,49,50,51,53,55,54,41,41,42,41,40,41,43,38,41,39,39,38,40,37,41,38,40,38,41,39,41,40,39,39,41,39,41,41,40,40,40,38,39,38,37,37,40,39,42,36,41,39,41,40,38,40,39,38,39,39,39,42,40,40,39,38,39,40,40,39,39,40,41,39,42,40,38,41,39,39,40,42,39,39,41,38,41,39,40,42,40,39,41,39,37,39,39,39,38,39,40,41,42,42,42,42,44,42,42,41,41,43,43,46,43,43,43,40
C4,44,44,47,47,50,50,50,49,52,39,38,39,40,40,37,42,40,44,38,38,38,39,37,38,37,37,40,40,40,39,40,39,38,40,41,39,39,39,36,39,39,39,38,39,40,40,38,37,40,36,40,40,39,38,39,40,39,38,38,39,38,39,39,38,37,40,39,39,37,38,39,38,37,37,39,39,38,41,39,38,42,38,37,40,40,39,39,39,40,40,39,38,40,37,38,39,39,40,40,39,40,40,41,41,39,42,41,40,42,41,42,44,42,41,41,41,40
C5,43,41,46,48,48,48,50,52,51,41,38,39,39,37,41,36,39,41,38,39,39,38,41,36,36,40,40,38,38,39,41,40,38,38,38,39,38,39,38,40,41,38,39,38,38,38,37,38,39,36,38,39,37,40,39,41,37,41,38,37,40,40,39,38,37,37,39,40,38,39,38,39,40,38,37,39,39,39,38,38,39,37,38,40,40,36,40,38,41,38,37,39,38,40,39,40,38,38,38,38,40,41,39,41,44,41,42,39,41,46,41,40,39,42,40,40,45
C6,42,42,46,46,47,48,49,47,49,39,39,39,37,38,38,38,37,39,39,37,35,38,36,39,35,38,36,39,37,37,37,39,39,36,35,35,36,38,34,37,34,38,39,36,37,36,37,39,37,38,39,37,35,39,38,38,37,38,38,37,36,36,36,36,38,36,34,36,37,39,37,38,36,38,35,36,37,35,38,37,37,37,35,37,38,37,37,38,36,38,39,36,38,37,36,36,36,39,37,39,43,40,41,40,37,37,39,39,38,39,40,41,41,40,42,38,41
C7,41,41,43,47,49,54,58,49,49,51,37,38,36,38,38,38,44,39,38,44,39,37,37,37,36,35,35,38,39,36,40,37,39,37,40,36,40,39,39,38,36,37,39,40,38,38,39,37,39,38,35,38,35,35,37,38,38,36,37,34,37,38,36,37,37,35,36,37,37,36,35,39,38,40,39,38,37,37,37,37,38,37,38,36,36,37,39,39,35,36,37,37,38,39,38,38,40,39,35,38,40,39,37,39,42,39,41,41,38,41,42,41,40,40,41,38,42
C8,41,43,46,46,47,48,50,47,47,39,38,39,38,38,39,37,38,38,36,36,39,40,37,35,39,34,36,37,38,36,36,38,37,37,35,37,37,37,37,37,37,35,36,36,37,39,35,35,38,36,36,37,38,39,36,37,36,38,39,39,37,37,38,35,37,38,37,38,36,37,37,35,35,36,37,36,39,36,38,38,37,36,38,38,38,38,38,37,38,37,36,37,37,35,37,35,38,37,37,38,40,38,40,38,41,40,39,40,39,39,38,37,39,41,40,41,41
C9,44,46,46,46,47,49,50,51,52,39,40,40,41,41,39,41,41,38,40,41,40,39,40,37,40,37,41,38,41,42,40,42,37,39,38,40,39,39,37,40,36,37,39,39,39,38,40,40,38,38,38,39,39,37,38,40,40,39,38,39,40,41,37,41,37,39,39,40,38,42,37,39,41,39,40,40,41,38,39,41,37,39,40,39,41,40,36,39,37,41,40,41,39,38,42,40,40,39,41,41,44,40,40,40,43,42,43,40,43,43,41,41,40,42,42,41,41
C10,42,44,46,45,49,49,51,51,49,36,39,37,40,38,38,40,40,40,40,39,38,38,39,37,40,38,38,38,41,36,38,39,40,38,40,40,39,38,38,39,39,37,37,39,38,37,37,38,37,41,38,38,37,41,38,39,41,38,37,38,39,38,42,37,36,37,37,36,37,37,40,37,38,38,40,39,39,40,40,41,36,36,37,38,39,41,40,36,40,39,38,41,38,42,39,37,38,37,36,38,40,38,39,40,38,38,40,40,38,41,39,39,42,41,42,42,41
C11,46,43,46,47,50,48,52,52,50,38,37,40,40,38,39,40,39,40,37,41,41,37,36,37,42,41,39,38,41,39,38,40,39,41,39,41,41,40,39,40,41,41,39,38,39,41,39,38,38,42,40,38,39,40,38,38,39,41,39,38,41,39,40,43,40,40,41,40,36,41,39,41,37,40,39,39,40,39,39,37,38,38,38,39,39,42,37,40,39,40,39,36,41,37,38,37,38,39,38,36,41,40,39,41,42,41,41,41,41,40,40,41,44,42,44,41,41
C12,44,47,51,51,50,54,55,55,56,44,46,44,42,41,43,42,43,41,41,43,42,44,43,41,42,45,40,42,43,40,42,44,42,42,41,43,42,43,43,41,44,42,40,42,41,42,42,43,40,39,40,42,42,44,41,44,44,41,42,45,44,41,45,42,43,42,42,44,41,46,41,42,44,46,42,44,43,42,44,43,42,44,42,43,45,43,40,41,41,42,45,44,41,42,41,41,44,45,42,39,41,46,43,41,45,42,45,41,44,46,45,44,45,43,44,46,44
D1,54,56,63,63,68,62,64,62,61,69,66,67,69,70,66,65,66,48,48,50,49,48,49,51,52,50,49,48,50,49,50,50,47,47,51,49,47,49,50,48,52,51,47,48,52,49,52,49,50,49,50,51,50,49,50,48,48,51,51,49,51,49,48,49,51,50,48,49,50,49,50,51,49,51,49,49,49,49,50,50,51,48,47,52,52,49,48,50,50,50,49,50,51,47,52,50,50,51,48,49,56,56,52,53,55,54,55,54,54,56,57,57,55,57,56,53,54
D2,45,47,50,50,60,52,52,58,53,41,42,42,43,42,41,41,42,41,42,44,43,41,40,45,40,41,41,43,42,39,41,41,41,40,42,40,40,39,41,40,39,39,39,44,41,42,40,41,41,41,39,44,42,41,40,43,39,41,41,40,40,40,41,40,45,41,39,39,42,42,41,40,40,40,42,43,39,38,41,40,42,40,41,40,41,43,41,42,40,42,42,37,40,38,41,41,42,39,40,41,42,45,42,43,42,41,40,42,42,43,43,45,43,45,43,44,43
D3,69,72,68,70,71,71,72,70,74,60,60,59,58,58,59,62,65,62,64,63,65,66,68,71,74,75,80,82,88,91,93,100,108,108,116,118,125,135,137,144,143,149,152,157,163,159,164,166,173,174,181,179,180,185,187,193,193,190,194,190,197,201,199,195,193,200,204,197,197,206,197,204,202,202,206,210,211,213,215,208,217,220,221,212,223,214,217,221,224,223,225,222,222,223,226,220,226,229,220,226,235,239,238,238,241,235,242,233,238,243,245,243,244,249,249,242,252
D4,71,74,69,72,76,74,76,75,78,64,63,63,59,63,61,62,64,66,63,70,73,70,72,72,75,80,86,87,94,97,102,105,115,119,121,124,131,143,147,145,150,150,156,157,167,166,176,172,175,181,179,190,187,192,192,195,198,198,193,193,191,203,202,206,203,204,202,200,208,201,202,206,206,209,209,217,219,216,212,209,216,217,219,219,220,222,214,214,219,225,223,229,218,225,231,226,231,226,227,237,241,232,237,233,239,240,243,244,242,243,242,247,250,248,239,247,247
D5,69,69,70,74,74,73,70,75,71,62,60,61,62,63,62,62,62,67,68,66,69,69,67,73,77,81,88,89,92,94,101,109,112,115,118,128,133,138,142,139,148,154,156,164,168,164,168,171,176,184,186,182,187,188,188,190,194,193,192,198,199,194,201,203,202,193,199,198,202,208,202,207,205,212,214,210,215,213,208,207,216,215,216,218,216,218,219,214,219,222,217,225,224,223,223,228,226,227,228,227,238,239,237,229,233,241,241,239,241,235,241,248,254,240,244,242,240
D6,36,41,41,42,42,45,43,45,43,30,31,32,34,34,33,35,34,34,34,34,35,33,32,33,33,33,32,33,31,33,31,31,33,33,31,31,32,34,32,30,33,33,33,32,32,32,33,34,34,33,30,31,33,33,33,34,31,32,32,30,32,32,34,34,32,30,30,33,31,32,30,32,31,29,33,33,33,31,31,33,33,30,32,31,32,32,32,31,30,33,32,32,31,31,33,32,29,29,30,31,32,29,31,31,30,31,29,31,30,32,29,30,32,31,33,30,32
D7,37,39,41,41,41,45,44,42,46,33,32,34,31,34,35,35,33,36,33,32,36,35,33,35,33,32,34,33,34,33,33,33,33,32,35,32,32,32,34,32,32,32,35,32,31,31,34,33,34,32,33,32,32,32,33,32,32,31,36,32,32,33,32,33,33,32,32,33,34,31,33,31,33,31,31,30,32,33,31,30,34,33,33,32,34,31,33,33,31,33,34,32,32,34,33,29,32,31,33,31,33,31,35,33,33,35,34,33,34,36,36,34,34,35,36,35,35
D8,43,44,48,50,49,52,51,52,51,40,40,40,42,39,39,40,41,40,43,41,39,39,41,38,39,40,43,41,41,40,42,41,41,41,42,40,41,42,40,40,42,42,39,40,40,41,42,41,39,38,40,41,41,38,41,41,40,42,40,40,39,43,41,41,40,42,39,41,41,42,41,41,43,43,40,41,40,43,40,42,42,41,40,40,42,41,39,42,42,40,42,42,40,40,42,41,41,42,38,40,45,44,42,43,44,42,43,44,43,43,42,44,44,48,42,44,45
D9,98,89,104,91,93,95,92,93,92,81,84,82,90,77,80,80,88,97,98,98,95,100,99,101,105,111,108,110,118,115,116,117,120,123,121,120,121,125,131,131,139,131,142,144,148,148,152,153,157,154,156,159,168,168,169,169,172,169,178,179,183,180,188,190,191,194,189,193,197,198,194,199,201,202,210,209,208,212,211,214,222,225,221,226,229,230,237,227,234,241,246,248,244,245,250,251,253,254,260,257,271,274,269,270,277,279,276,275,281,281,291,294,296,294,302,301,305
D10,66,66,63,68,69,71,70,71,71,57,56,59,58,59,61,61,59,65,67,70,68,73,74,71,75,74,79,80,75,79,79,83,81,84,83,84,87,89,87,88,88,88,90,92,90,93,93,94,95,97,95,95,99,99,98,101,97,102,99,106,106,106,112,112,108,109,114,114,118,114,114,111,116,120,120,120,120,121,125,123,126,130,127,132,131,129,131,134,133,138,138,137,137,142,141,142,143,145,147,144,151,149,151,149,149,153,154,153,153,152,161,164,166,162,160,161,170
D11,46,46,46,49,50,51,52,53,53,39,37,40,40,41,39,40,40,40,40,42,42,40,40,40,39,42,39,40,40,40,39,41,40,39,38,40,41,40,38,39,39,40,41,38,41,41,41,41,40,39,41,41,40,40,39,39,37,38,42,37,39,39,40,38,43,38,42,36,38,41,39,41,39,41,41,40,42,41,41,40,38,38,40,39,39,41,40,40,41,41,42,40,40,38,39,40,37,39,39,41,42,42,42,41,40,43,41,40,44,41,41,40,41,44,44,42,46
D12,48,49,48,51,50,52,55,53,54,43,43,42,43,41,43,41,43,42,42,44,42,42,40,42,43,41,43,40,42,43,40,43,41,41,42,40,43,41,41,43,46,42,42,42,41,42,40,41,39,41,40,42,45,42,43,42,41,42,40,42,44,42,42,42,41,43,40,41,42,42,39,42,40,39,42,42,43,43,43,42,43,40,40,42,44,42,44,42,39,44,43,44,42,42,45,44,45,44,42,41,45,44,45,48,43,42,45,45,49,46,50,49,47,46,47,47,47
E1,42,41,46,46,48,47,47,50,48,37,39,38,37,36,39,37,36,35,37,36,36,38,35,37,38,37,37,34,37,36,38,38,39,38,37,36,36,36,35,36,37,37,37,38,37,37,36,37,35,36,35,37,35,38,38,37,36,35,38,37,40,37,36,38,35,33,36,35,36,35,37,37,35,36,35,34,37,37,36,36,37,37,36,35,38,35,35,36,38,37,37,37,36,36,38,35,36,35,38,35,38,37,37,35,40,37,39,38,40,39,39,39,40,38,37,37,39
E2,48,52,51,52,54,56,56,56,57,46,44,42,42,45,43,44,42,44,46,44,45,45,44,45,44,45,44,46,45,44,44,43,46,44,42,44,44,48,46,43,46,45,44,44,45,44,44,46,45,45,43,45,47,47,45,44,44,42,44,43,43,43,43,45,44,42,45,44,43,43,44,43,43,44,43,44,45,40,47,42,41,43,43,44,45,42,45,42,44,43,43,45,42,44,44,43,43,46,47,44,43,47,46,45,46,45,46,47,45,46,46,47,46,44,46,44,47
E3,43,45,47,46,50,51,52,55,52,41,40,39,39,38,42,39,42,43,42,40,41,43,40,39,42,38,41,40,39,39,41,40,40,41,40,38,38,40,40,38,40,39,41,39,39,42,42,39,37,41,38,39,41,38,41,42,42,40,41,41,37,40,39,42,42,40,38,41,39,42,40,40,41,40,41,39,40,39,38,39,42,42,41,38,41,41,40,39,41,41,40,39,42,38,40,39,41,42,39,41,43,44,43,43,43,43,43,41,40,43,40,43,46,43,40,42,41
E4,44,44,46,47,52,49,49,52,51,39,42,39,39,39,40,43,39,37,39,42,43,38,42,39,39,39,39,42,38,41,38,41,41,42,42,42,39,42,40,40,40,40,39,41,39,41,39,40,42,40,40,40,40,41,38,40,41,38,41,39,41,40,40,41,38,39,40,37,41,39,39,40,41,40,40,39,39,40,40,40,39,41,37,40,39,39,38,41,38,42,41,41,40,41,40,38,40,41,40,39,42,41,42,42,43,41,42,42,43,42,43,43,45,42,41,40,43
E5,39,45,46,46,48,50,50,49,52,42,42,41,37,42,40,41,41,39,39,38,37,38,38,37,38,38,39,38,38,39,37,37,39,36,40,36,36,37,39,38,38,39,39,41,39,38,38,39,39,38,38,36,41,39,39,38,37,37,39,39,39,40,38,38,42,39,40,38,37,40,38,37,38,38,36,37,38,38,39,36,39,41,39,38,40,38,39,38,39,38,38,38,38,38,37,38,37,40,39,38,41,42,40,39,41,41,39,40,40,41,41,43,42,43,42,41,42
E6,40,43,46,46,47,49,50,50,50,37,37,40,38,39,38,39,39,37,37,37,40,37,38,36,36,36,36,38,36,36,36,37,39,35,37,39,37,38,39,37,36,38,36,38,38,38,36,38,39,38,37,38,34,39,38,38,37,35,38,36,39,35,40,38,37,36,37,37,38,38,37,38,38,38,37,38,40,38,37,36,41,36,39,35,39,37,36,40,37,37,38,38,39,38,38,37,36,38,36,38,39,40,40,42,41,42,40,40,40,41,40,40,42,41,39,40,42
E7,45,47,46,47,49,52,53,54,51,40,39,39,41,41,40,38,40,41,41,39,41,42,39,41,41,42,42,44,41,41,38,42,40,40,42,39,39,39,41,39,40,41,40,41,41,40,41,41,41,41,41,40,41,42,39,40,40,41,41,40,40,39,40,39,41,39,41,39,39,39,40,41,42,41,39,39,41,41,43,39,40,40,37,40,42,40,40,38,37,41,40,39,39,39,41,39,40,39,40,41,42,41,44,43,42,43,42,43,42,44,41,40,42,41,44,41,44
E8,42,41,45,45,48,49,48,50,49,37,36,36,41,38,40,38,39,38,39,41,36,37,36,38,36,37,37,38,39,40,36,37,39,38,38,37,38,38,40,38,37,38,37,37,36,39,38,37,36,38,41,37,35,36,37,37,37,37,36,40,39,38,37,38,38,40,40,37,39,37,41,39,37,37,37,40,38,37,37,37,36,40,40,35,36,38,37,37,38,37,38,39,37,37,39,36,38,36,37,38,41,39,40,41,41,40,42,39,41,40,40,41,39,41,40,41,42
E9,50,53,54,54,56,61,60,59,59,48,47,50,49,51,46,48,49,46,49,48,49,46,47,46,45,48,45,46,48,46,46,49,48,46,45,48,45,46,45,47,48,45,47,46,48,48,48,48,45,47,45,46,46,46,46,46,49,46,49,48,45,48,45,44,47,48,47,45,47,46,47,44,48,45,45,47,48,45,45,47,48,45,48,48,46,48,47,46,47,44,49,46,49,47,49,46,48,48,45,44,51,50,54,46,49,50,51,51,49,52,53,50,54,52,52,51,51
E10,41,46,47,45,47,49,52,52,53,39,40,39,39,40,41,39,41,38,40,38,38,40,41,38,38,39,40,39,39,36,41,39,39,40,39,40,39,40,38,37,37,39,38,38,40,40,38,40,41,41,41,39,40,38,39,39,41,41,39,40,41,39,38,39,38,39,39,39,39,38,39,39,37,37,40,40,39,38,40,36,38,39,40,39,39,39,38,37,38,39,40,41,39,40,42,38,38,38,40,36,43,42,39,41,42,39,41,40,40,38,43,42,43,40,40,41,41
E11,43,47,50,50,51,52,53,53,53,40,40,41,38,40,41,41,43,40,40,39,41,41,40,39,40,41,39,38,41,40,40,40,41,42,39,42,39,39,39,39,37,42,42,39,41,40,37,39,41,41,41,39,40,38,39,43,40,38,39,38,42,42,42,38,41,41,41,39,40,41,39,41,39,38,39,37,38,38,42,37,42,39,41,38,43,42,41,39,42,40,39,42,40,40,42,40,43,39,39,41,43,43,43,41,41,42,41,41,46,42,45,42,42,43,42,42,41
E12,47,47,51,53,53,53,53,54,55,40,40,38,40,39,41,39,40,39,39,36,41,41,39,40,39,38,37,36,40,39,39,39,41,39,39,37,38,40,37,39,39,40,38,39,40,37,37,37,40,39,39,39,39,38,40,37,39,39,38,39,39,39,37,39,39,40,40,38,39,39,38,38,38,39,39,40,37,35,38,40,39,39,38,39,38,35,39,37,38,39,39,39,38,38,38,39,39,41,39,39,42,41,41,42,43,41,41,41,41,42,45,40,42,40,43,41,41
F1,46,46,46,47,52,52,51,50,55,36,38,37,37,37,38,37,39,37,35,36,37,37,38,38,37,34,37,35,37,37,36,36,38,36,37,37,36,37,38,38,35,38,36,37,37,35,37,35,37,37,37,37,37,34,37,39,35,37,36,36,36,37,36,37,36,35,36,36,37,36,35,35,36,36,37,36,36,36,37,36,38,36,36,36,37,37,35,36,36,35,35,35,38,36,39,37,37,34,35,34,37,40,37,38,41,40,39,36,37,40,37,39,40,40,37,37,39
F2,43,46,45,48,52,53,50,50,55,41,39,42,39,38,40,39,41,41,39,41,39,40,39,40,41,39,40,41,41,40,40,41,40,39,39,39,42,41,41,41,42,40,41,39,39,41,41,41,40,39,39,41,41,41,41,40,40,41,40,41,39,39,39,40,42,38,40,40,38,41,40,40,38,42,38,40,37,41,41,38,39,41,39,41,41,40,40,39,40,42,42,39,38,39,38,40,40,39,41,39,41,44,44,42,42,42,41,45,42,43,42,42,42,43,44,43,45
F3,70,68,69,70,75,77,73,75,77,61,63,65,63,60,62,61,65,66,70,67,73,72,78,80,85,92,97,99,102,109,115,120,130,137,143,142,150,156,163,164,171,180,187,181,188,190,191,199,194,202,193,198,201,211,206,206,212,213,208,208,220,218,221,221,219,215,212,221,221,228,217,219,219,226,225,228,227,228,223,222,236,231,221,232,233,230,234,228,235,236,235,234,232,235,232,236,234,236,238,238,247,251,254,251,251,254,256,251,256,260,259,258,261,259,255,257,263
F4,70,69,71,72,71,73,71,71,73,64,62,63,60,59,59,58,64,62,68,70,68,70,73,79,84,92,91,100,101,105,111,122,127,136,139,146,152,154,162,164,172,174,182,188,189,187,190,197,196,199,205,196,201,208,209,208,210,209,213,214,216,221,222,223,217,217,217,219,225,226,229,224,226,232,223,230,230,228,226,232,233,234,234,234,234,232,229,232,237,237,239,234,241,243,235,240,240,237,241,244,253,255,262,249,257,259,254,252,256,255,252,264,258,261,261,258,262
F5,68,67,68,68,69,71,74,72,70,58,60,58,61,61,59,63,60,64,67,66,72,74,81,79,86,88,97,101,111,109,119,124,128,135,141,147,151,160,162,167,169,185,178,190,190,194,189,195,196,199,206,199,206,208,213,215,216,215,207,212,218,220,223,221,223,218,219,220,226,223,226,223,219,228,229,230,231,230,226,229,232,238,233,237,235,228,234,232,237,239,238,240,235,234,239,241,240,239,239,242,253,255,259,252,252,265,257,255,250,257,261,261,258,257,258,259,261
F6,38,40,40,45,43,46,46,47,45,36,32,34,34,36,31,34,33,34,34,34,33,34,35,33,34,36,33,34,31,32,33,36,34,35,36,35,33,33,32,34,31,35,34,32,32,32,33,32,33,35,33,34,32,34,31,31,35,34,34,33,33,33,31,34,33,30,33,33,32,35,32,33,35,33,30,32,33,34,33,32,32,34,36,32,33,31,33,32,34,33,32,34,32,33,33,32,34,32,31,31,35,31,33,34,33,37,35,34,36,33,35,32,33,35,33,34,33
F7,38,39,42,44,43,45,46,46,46,34,34,34,34,35,32,36,37,34,33,36,34,32,35,34,34,32,33,33,34,34,31,33,32,33,34,33,34,34,34,34,34,32,34,32,35,37,33,33,36,33,34,35,34,33,33,35,34,35,34,34,35,32,34,35,32,31,33,33,33,33,33,33,34,32,35,36,33,31,33,33,34,35,34,31,32,32,29,35,33,34,32,35,32,35,31,32,30,34,32,31,34,34,31,35,33,34,34,34,36,33,36,37,35,33,33,33,32
F8,67,63,69,68,71,69,70,71,69,60,57,61,59,59,60,62,65,70,70,71,74,77,75,78,81,81,85,86,85,82,87,89,89,91,86,90,93,94,94,94,95,100,97,98,101,100,102,104,106,105,104,106,107,116,112,113,117,114,120,122,121,125,130,124,130,129,130,135,137,137,144,137,146,145,149,153,157,152,151,162,161,163,165,165,173,165,171,172,175,172,177,176,177,187,188,187,185,191,191,188,204,203,204,203,202,212,208,211,211,211,217,222,216,221,223,223,228
F9,64,65,69,68,70,69,71,70,73,60,58,58,58,63,60,59,63,67,71,73,74,74,75,77,79,79,82,83,83,83,82,86,87,85,89,90,89,94,93,92,93,95,96,96,98,98,97,102,102,108,99,105,103,106,109,108,109,112,110,112,122,121,122,120,123,128,128,131,131,135,137,136,136,142,147,146,148,150,150,148,159,152,156,156,160,159,164,171,170,169,173,172,175,177,182,179,178,183,180,189,195,194,194,196,197,200,201,197,207,201,210,208,211,212,213,217,216
F10,70,74,76,72,73,73,76,73,76,63,64,64,62,63,62,66,68,72,77,79,81,85,83,82,86,87,90,87,89,88,92,93,94,100,97,99,99,102,103,101,105,103,105,106,112,112,110,114,118,117,116,120,121,127,126,133,133,131,137,142,137,140,142,144,147,146,151,151,158,160,160,162,163,161,166,165,170,176,168,173,180,184,181,183,187,189,197,195,198,201,202,203,206,207,207,211,212,211,217,219,228,230,234,235,230,238,236,240,240,246,244,253,251,253,253,250,259
F11,45,45,47,48,52,51,52,55,54,42,39,42,39,39,40,40,41,41,42,38,41,40,40,40,41,43,39,39,41,41,41,40,39,43,38,40,42,41,41,42,42,40,42,40,42,42,37,38,41,40,38,41,41,42,39,40,39,40,42,41,40,39,43,39,40,40,41,41,41,42,39,40,42,41,42,39,38,41,40,41,37,40,40,40,40,38,41,42,40,39,41,41,40,40,39,41,40,38,37,39,42,43,42,42,43,45,42,43,41,43,45,44,44,42,41,44,42
F12,38,40,42,42,43,45,48,43,48,35,37,37,35,34,35,37,39,38,37,39,38,36,35,34,36,37,36,37,35,36,36,35,36,36,36,34,36,37,37,33,35,36,35,36,33,37,35,38,37,36,35,37,37,35,37,37,37,34,35,36,36,36,33,36,33,35,37,35,36,35,35,37,33,35,35,34,33,34,37,37,35,35,35,34,38,36,34,35,36,34,32,35,38,35,33,36,34,38,35,36,37,38,36,38,37,37,37,36,37,37,38,38,38,37,38,37,38
G1,41,44,48,46,47,50,51,55,50,39,39,39,37,40,36,39,38,64,69,80,89,94,96,99,102,99,96,100,101,97,96,100,99,100,97,97,100,99,96,95,100,95,96,98,100,96,94,96,102,99,95,95,95,100,102,101,99,97,93,95,98,100,102,98,97,96,96,96,101,98,94,95,97,99,99,96,102,95,95,97,99,95,98,99,100,98,93,98,97,98,96,96,94,98,97,95,97,96,95,99,40,41,40,42,40,42,43,41,40,38,42,40,41,41,42,42,40
G2,47,46,49,51,51,52,53,52,54,42,41,38,41,43,42,41,40,43,41,42,42,42,42,39,40,40,41,39,42,42,43,43,41,42,40,41,39,43,41,43,41,39,42,43,41,42,41,43,41,42,41,41,40,42,39,40,40,42,43,42,41,41,40,42,41,41,40,40,39,41,42,42,41,42,41,39,43,42,41,39,40,43,42,43,40,41,40,41,40,41,42,41,40,38,42,38,41,41,41,41,41,42,43,45,41,43,43,45,41,43,44,44,46,44,43,44,43
G3,46,49,49,50,49,50,53,53,55,46,43,44,44,42,42,41,43,45,43,43,40,41,41,43,43,42,42,42,42,41,40,44,42,41,43,43,39,44,43,43,42,45,44,43,43,45,41,43,40,42,42,42,43,44,41,42,43,41,42,43,41,43,42,42,41,41,42,43,42,41,42,43,44,41,40,40,42,43,42,42,42,39,42,41,45,42,42,42,40,40,43,40,42,40,41,40,42,44,41,39,49,45,48,47,46,43,46,47,46,45,46,45,43,44,46,47,46
G4,45,47,50,50,51,53,52,53,54,43,43,46,43,42,42,41,43,39,43,42,43,40,41,40,41,42,40,40,43,40,41,41,40,40,41,44,42,42,43,41,42,40,41,41,40,41,45,44,38,43,44,42,44,41,40,43,39,43,43,39,42,41,42,41,38,40,41,39,42,40,41,41,42,42,43,40,43,43,40,40,40,44,41,41,42,41,40,42,40,40,41,41,41,41,41,41,43,43,42,41,44,46,44,42,42,44,42,43,46,44,41,46,46,43,44,46,45
G5,46,48,48,49,49,50,54,52,55,38,39,42,39,41,41,40,40,42,43,42,41,42,44,40,39,40,40,39,41,41,41,41,41,42,42,40,39,41,43,43,40,42,42,44,40,41,42,41,42,40,43,40,41,42,41,42,41,42,41,40,40,42,42,38,41,40,44,42,41,42,41,39,40,42,43,42,39,42,41,44,41,42,42,43,42,40,42,40,42,41,40,41,41,42,40,41,41,41,45,40,41,43,43,43,40,43,43,42,42,41,43,42,45,44,47,45,43
G6,44,46,47,48,51,49,50,51,49,39,39,39,40,41,40,38,43,46,47,43,48,46,45,46,47,42,43,44,43,43,45,44,45,44,44,45,46,44,44,43,44,44,46,44,44,44,45,43,44,44,44,44,44,44,44,46,41,46,45,43,45,44,45,41,40,44,43,44,47,42,43,45,43,45,44,45,42,45,45,42,43,44,45,44,44,44,42,46,42,43,40,42,43,44,44,43,43,46,44,45,48,46,46,47,46,48,46,44,45,48,46,45,46,47,47,45,45
G7,48,46,50,51,52,52,56,53,55,42,46,46,45,45,43,44,44,46,46,47,46,46,48,47,48,47,49,48,48,45,49,46,47,48,48,47,47,47,45,46,49,46,48,47,48,49,49,46,48,45,49,48,45,50,49,50,47,49,49,43,47,47,49,46,50,47,47,48,48,48,46,48,46,47,45,46,46,46,48,49,47,46,47,47,46,49,48,46,46,47,46,47,47,46,47,46,46,47,47,48,49,48,48,45,46,47,48,48,47,47,49,47,48,47,47,47,47
G8,41,45,45,49,46,49,51,51,52,40,40,37,39,40,37,36,40,39,39,38,37,40,37,38,40,40,36,38,40,37,38,39,40,40,36,41,38,37,40,37,40,39,39,38,40,39,37,39,39,39,36,39,38,40,39,39,37,39,39,39,40,39,37,39,38,39,39,37,39,38,40,40,39,41,39,38,37,38,38,37,38,38,39,38,39,39,40,40,37,38,37,38,38,39,40,39,38,39,39,40,43,41,41,42,41,42,42,38,42,41,43,41,41,40,41,41,42
G9,44,45,46,50,51,49,52,53,53,42,38,39,38,41,45,41,41,39,41,40,40,41,40,41,40,39,40,41,41,41,41,42,39,40,42,41,40,40,41,39,39,42,41,40,39,41,42,41,41,39,40,39,40,39,40,39,42,41,38,43,37,41,39,42,42,40,41,40,41,41,43,39,41,39,39,38,40,39,42,40,41,40,39,41,42,41,40,41,39,42,41,39,40,40,39,39,38,43,40,41,43,43,42,43,43,42,44,43,41,43,44,40,42,43,45,42,43
G10,43,46,46,48,50,50,52,52,56,41,40,42,42,43,40,41,39,43,40,40,43,40,40,40,37,40,40,40,40,40,38,42,40,39,42,37,40,40,40,41,40,42,40,40,40,39,41,43,40,40,42,41,41,40,40,41,40,37,42,39,41,41,40,39,41,40,41,39,40,41,39,40,37,39,42,40,40,42,41,39,40,40,40,38,42,41,40,38,39,41,40,40,37,39,39,40,39,39,40,40,43,41,45,41,43,42,42,43,42,44,41,43,42,40,42,44,42
G11,43,46,48,48,51,50,51,50,52,40,38,40,40,42,38,37,40,40,40,40,38,39,40,37,39,40,37,41,38,40,40,39,40,39,40,39,39,40,41,40,41,39,39,39,39,41,40,38,41,41,40,40,41,38,40,41,39,40,43,40,37,40,40,38,41,39,41,39,41,38,39,39,40,38,41,38,40,42,39,38,39,41,40,39,39,40,39,40,38,39,37,39,39,38,40,41,38,39,39,39,44,41,41,42,41,41,42,40,42,43,44,41,42,42,43,41,42
G12,42,43,45,45,48,47,48,48,48,40,42,44,43,40,41,42,41,36,36,38,37,38,38,36,37,34,34,40,36,35,38,37,38,36,38,36,37,37,37,38,37,34,39,36,36,36,36,37,36,37,35,35,38,36,37,36,36,37,35,36,37,38,35,36,35,37,37,37,35,38,35,36,35,37,37,36,36,37,36,36,36,37,36,36,34,37,37,35,37,38,37,36,36,37,35,38,37,37,34,36,39,37,37,35,36,37,36,38,39,36,39,38,37,38,39,36,39
H1,79,73,75,72,69,68,66,64,66,56,52,52,52,48,50,51,51,146,142,138,137,131,133,128,138,130,134,131,128,124,124,131,129,130,129,127,122,123,125,125,123,123,124,125,124,124,123,123,123,125,127,125,127,124,122,125,125,119,124,125,123,122,122,120,126,118,120,124,123,127,119,124,118,122,120,123,116,123,120,121,122,119,120,122,123,119,122,122,118,123,122,120,116,123,128,117,120,118,123,115,44,43,41,44,43,41,42,43,43,42,44,41,44,41,43,43,45
H2,46,47,53,59,63,66,69,73,74,46,45,54,49,53,53,54,52,47,46,46,48,47,48,52,52,50,49,52,56,54,53,54,53,53,53,54,53,51,55,56,53,52,53,57,55,53,51,54,55,55,52,54,53,54,55,55,55,58,54,55,57,55,57,53,56,54,57,53,55,55,54,57,54,54,55,55,54,54,54,53,53,56,55,55,56,57,56,54,53,56,57,54,57,54,55,55,57,53,56,55,48,43,49,48,43,44,47,43,45,45,44,47,45,46,47,43,46
H3,67,71,71,74,76,70,76,74,75,63,61,63,61,65,63,60,66,65,72,72,76,76,77,83,87,92,101,103,105,108,114,118,132,133,141,151,147,156,161,170,177,181,185,184,189,189,194,189,201,200,196,200,197,207,208,204,205,207,206,205,212,215,214,207,208,210,214,211,218,220,210,215,222,224,224,228,226,223,220,223,233,231,230,230,237,228,229,232,232,237,242,240,231,246,234,240,240,242,242,253,259,255,259,256,260,268,258,265,259,262,269,269,264,265,269,268,268
H4,71,75,77,74,73,76,72,75,74,61,60,63,60,60,63,63,62,66,66,70,73,76,75,82,87,93,95,101,108,108,115,120,131,138,140,148,153,154,160,166,170,184,184,188,195,195,196,197,197,203,204,196,200,208,206,205,205,212,203,203,209,212,208,213,215,213,206,213,217,219,218,218,222,224,232,221,229,228,226,228,235,232,230,231,236,234,231,235,240,241,241,238,234,240,244,241,236,243,238,248,262,257,261,255,265,259,260,257,255,262,269,268,267,264,264,266,274
H5,73,74,77,76,77,77,79,80,77,67,64,69,65,64,65,64,66,73,71,75,79,81,86,90,94,101,103,107,114,116,122,135,137,142,150,156,164,167,175,173,182,189,193,196,201,197,196,202,204,209,206,207,205,215,208,216,214,213,213,214,213,221,223,221,221,224,223,227,221,227,226,231,227,227,228,237,238,237,231,231,237,239,234,243,241,240,241,242,244,245,244,248,246,252,247,246,250,248,250,253,265,269,271,262,263,262,277,268,274,268,276,275,274,267,273,273,286
H6,53,49,53,55,56,53,56,58,60,52,48,50,46,47,45,50,50,36,39,35,36,35,36,36,38,34,33,37,37,34,35,36,36,34,36,36,38,37,35,35,34,34,36,35,37,34,35,36,37,36,35,38,35,36,35,37,33,35,36,36,36,36,37,37,36,34,37,36,36,34,35,36,37,37,35,35,36,37,34,35,35,37,33,38,37,35,34,34,37,34,35,36,34,38,36,36,33,35,35,35,39,37,39,37,37,39,36,38,38,40,39,38,37,35,36,39,38
H7,40,42,43,42,44,43,49,46,49,37,33,36,34,35,35,34,40,33,36,35,39,33,35,34,35,35,36,37,34,35,38,35,35,37,35,36,38,34,36,34,35,37,36,35,37,39,37,34,36,36,36,35,34,34,33,36,34,35,35,37,35,35,34,37,34,36,35,33,36,36,35,37,35,36,35,36,37,33,34,34,36,34,35,34,35,33,35,32,37,35,34,34,35,35,35,34,35,33,35,35,36,36,37,34,37,35,37,37,36,38,38,37,36,35,37,36,38
H8,65,65,70,68,69,69,67,69,70,57,59,57,60,56,56,59,57,60,63,64,65,67,70,70,77,81,83,91,92,98,102,102,109,116,122,122,131,137,139,152,154,159,164,173,178,181,184,190,197,196,204,201,210,222,218,219,222,220,223,227,240,235,234,235,230,237,233,238,238,241,235,240,241,241,246,248,248,251,250,253,263,264,262,266,277,265,276,267,280,279,282,285,280,290,297,289,292,300,293,296,310,315,313,313,312,322,325,320,321,322,322,332,327,328,330,329,328
H9,70,73,74,77,76,77,77,80,79,67,65,63,69,64,66,67,68,68,75,75,79,80,86,87,91,94,101,105,111,116,117,122,128,137,136,142,153,165,163,171,172,179,184,187,191,197,201,212,216,217,214,222,221,225,231,229,232,231,227,234,236,238,238,240,235,239,242,240,245,243,246,248,248,256,251,256,264,258,263,262,269,274,274,271,275,272,277,277,282,294,290,294,283,288,297,302,295,292,295,302,316,313,316,304,312,311,316,314,316,310,326,322,328,316,320,325,329
H10,71,74,78,73,77,79,76,77,78,75,73,75,73,70,73,76,74,72,72,75,77,81,85,86,92,101,104,108,116,112,120,128,132,136,140,151,151,159,170,171,179,182,183,189,196,198,201,207,215,214,220,222,223,235,228,232,229,231,225,232,232,237,243,238,235,243,244,240,243,251,243,247,250,255,254,262,258,263,260,266,275,275,274,273,283,280,285,291,294,293,295,295,290,302,303,293,302,299,304,307,315,316,322,319,311,326,319,318,320,328,324,327,334,334,331,335,339
H11,48,48,49,52,53,52,54,53,52,107,110,115,113,110,113,113,111,40,41,41,40,41,40,40,40,41,40,41,42,41,41,42,41,40,43,39,40,41,41,42,39,42,39,40,41,38,40,40,41,41,40,41,38,42,43,41,43,40,41,40,41,41,38,41,42,41,41,39,39,41,41,43,39,40,40,41,38,39,40,40,41,42,40,39,39,38,39,41,41,44,39,44,41,41,40,38,42,39,41,40,42,43,43,43,42,42,43,41,42,43,43,42,41,41,44,44,43
H12,41,41,43,48,47,50,55,57,60,58,63,62,60,60,59,61,62,100,110,115,109,108,109,110,111,108,105,102,106,105,109,112,109,107,106,109,108,108,107,104,110,111,112,107,106,110,108,108,109,106,107,107,105,108,105,105,103,111,110,107,109,110,105,104,108,101,109,105,107,103,105,106,105,110,112,106,100,102,107,110,108,105,107,107,105,104,109,111,110,104,105,102,104,107,106,102,105,110,107,107,39,39,39,40,37,39,39,38,40,38,38,38,38,38,38,39,40
