,23/09/2026 12:48:08,23/09/2026 15:50:45,24/09/2026 00:57:05,24/09/2026 12:52:18,24/09/2026 16:33:47
A1,0.13609999418258667,0.5303000211715698,0.6471999883651733,0.7573000192642212,0.7943000197410583
A2,0.1274999976158142,0.5177000164985657,0.6353999972343445,0.7416999936103821,0.7799999713897705
A3,0.13660000264644623,0.51910001039505,0.638700008392334,0.7542999982833862,0.7979000210762024
A4,1.0348000526428223,0.9340999722480774,0.9643999934196472,0.9871000051498413,0.9616000056266785
A5,1.0526000261306763,0.9835000038146973,1.0068000555038452,1.013100028038025,1.0015000104904175
A6,1.0484999418258667,0.9531999826431274,0.970300018787384,0.9962000250816345,0.9779000282287598
A7,0.14949999749660492,0.49549999833106995,0.613099992275238,0.7088000178337097,0.7445999979972839
A8,0.15309999883174896,0.5102999806404114,0.6297000050544739,0.7573000192642212,0.7878999710083008
A9,0.13930000364780426,0.5310999751091003,0.6525999903678894,0.7572000026702881,0.8044999837875366
A10,1.0699000358581543,1.0008000135421753,1.0448999404907227,1.0333000421524048,1.0335999727249146
A11,1.0716999769210815,1.0085999965667725,1.0707999467849731,1.0246000289916992,1.0326000452041626
A12,1.0606000423431396,0.9952999949455261,1.0388000011444092,1.0233999490737915,1.0312999486923218
B1,0.13940000534057617,0.5649999976158142,0.6980999708175659,0.7908999919891357,0.815500020980835
B2,0.12729999423027039,0.5432000160217285,0.6599000096321106,0.7807000279426575,0.7979000210762024
B3,0.14830000698566437,0.5626000165939331,0.6955000162124634,0.8043000102043152,0.8501999974250793
B4,1.0441999435424805,0.9994000196456909,1.0052000284194946,0.9980999827384949,0.9789999723434448
B5,1.0500999689102173,1.024399995803833,1.0513999462127686,1.0357999801635742,1.019700050354004
B6,1.0499999523162842,1.0218000411987305,1.0362000465393066,1.0336999893188477,1.0148999691009521
B7,0.15369999408721924,0.5753999948501587,0.6958000063896179,0.8062999844551086,0.8517000079154968
B8,0.15109999477863312,0.5853999853134155,0.7242000102996826,0.8458999991416931,0.8748999834060669
B9,0.1535000056028366,0.5759999752044678,0.6996999979019165,0.7968999743461609,0.8381999731063843
B10,1.055299997329712,1.0134999752044678,1.0708999633789062,1.030400037765503,1.0255999565124512
B11,1.0573999881744385,1.0188000202178955,1.0635000467300415,1.045799970626831,1.0369000434875488
B12,1.0651999711990356,1.023800015449524,1.0825999975204468,1.0378999710083008,1.0404000282287598
C1,0.133200004696846,0.5026000142097473,0.6176999807357788,0.7080000042915344,0.7473000288009644
C2,0.12690000236034393,0.5126000046730042,0.6182000041007996,0.7098000049591064,0.7567999958992004
C3,0.13670000433921814,0.521399974822998,0.6381000280380249,0.765999972820282,0.802299976348877
C4,1.0356999635696411,0.8966000080108643,0.9300000071525574,0.9290000200271606,0.9096999764442444
C5,1.0369999408721924,0.8992999792098999,0.9280999898910522,0.9398000240325928,0.917900025844574
C6,1.0480999946594238,0.953000009059906,1.010599970817566,1.0118000507354736,0.9631999731063843
C7,0.14589999616146088,0.5440999865531921,0.644599974155426,0.7907000184059143,0.8039000034332275
C8,0.15139999985694885,0.5397999882698059,0.663100004196167,0.8108999729156494,0.824999988079071
C9,0.13830000162124634,0.5386000275611877,0.6549999713897705,0.7721999883651733,0.8123999834060669
C10,1.083899974822998,1.0147000551223755,1.0348999500274658,1.0362000465393066,1.034999966621399
C11,1.0642000436782837,1.010200023651123,1.0401999950408936,1.0276999473571777,1.0286999940872192
C12,1.0389000177383423,1.0033999681472778,1.0468000173568726,1.0246000289916992,1.0260000228881836
D1,0.13339999318122864,0.42809998989105225,0.5227000117301941,0.6093000173568726,0.6485000252723694
D2,0.12860000133514404,0.5149000287055969,0.6399999856948853,0.7560999989509583,0.7994999885559082
D3,0.14869999885559082,0.5443999767303467,0.6714000105857849,0.8033999800682068,0.8345000147819519
D4,0.15299999713897705,0.5180000066757202,0.6255999803543091,0.7649000287055969,0.7875999808311462
D5,0.1535000056028366,0.5192999839782715,0.6420000195503235,0.7968000173568726,0.8064000010490417
D6,0.1459999978542328,0.5260000228881836,0.6577000021934509,0.8515999913215637,0.8052999973297119
D7,0.15360000729560852,0.636900007724762,0.7290999889373779,0.9455999732017517,0.798799991607666
D8,0.14630000293254852,0.5360999703407288,0.6413999795913696,0.7710999846458435,0.7997000217437744
D9,0.13819999992847443,0.5386000275611877,0.6496999859809875,0.7638000249862671,0.794700026512146
D10,0.14079999923706055,0.5077999830245972,0.6256999969482422,0.7404000163078308,0.7872999906539917
D11,0.13109999895095825,0.5148000121116638,0.7364000082015991,0.7490000128746033,0.785099983215332
D12,0.12849999964237213,0.503600001335144,0.7900000214576721,0.7408000230789185,0.7802000045776367
E1,0.1324000060558319,0.5404999852180481,0.6686999797821045,0.7497000098228455,0.7967000007629395
E2,0.12960000336170197,0.5472999811172485,0.6818000078201294,0.7950999736785889,0.8248000144958496
E3,0.1467999964952469,0.5652999877929688,0.7027999758720398,0.8306000232696533,0.8676000237464905
E4,0.14740000665187836,0.5770000219345093,0.7616000175476074,0.8361999988555908,0.8733999729156494
E5,0.15209999680519104,0.5900999903678894,0.7267000079154968,0.8867999911308289,0.8711000084877014
E6,0.14880000054836273,0.5555999875068665,0.6909000277519226,1.2407000064849854,0.8547000288963318
E7,0.15469999611377716,0.5722000002861023,0.6392999887466431,0.8083000183105469,0.7401000261306763
E8,0.1671999990940094,0.5814999938011169,0.7085999846458435,0.8224999904632568,0.85589998960495
E9,0.14409999549388885,0.5751000046730042,0.7006999850273132,0.8205000162124634,0.8468000292778015
E10,0.14880000054836273,0.5929999947547913,0.7368000149726868,0.8385999798774719,0.8723000288009644
E11,0.12880000472068787,0.573199987411499,0.8356000185012817,0.8203999996185303,0.8543999791145325
E12,0.14560000598430634,0.5609999895095825,0.8985999822616577,0.7993999719619751,0.8338000178337097
F1,0.14550000429153442,0.5274999737739563,0.6466000080108643,0.7512000203132629,0.789900004863739
F2,0.13019999861717224,0.544700026512146,0.8014000058174133,0.7694000005722046,0.8090999722480774
F3,0.1526000052690506,0.5677000284194946,0.6718999743461609,0.8032000064849854,0.8510000109672546
F4,0.1492999941110611,0.5478000044822693,0.6730999946594238,0.7928000092506409,0.8407999873161316
F5,0.1467999964952469,0.5396999716758728,0.6632999777793884,0.8375999927520752,0.8205000162124634
F6,0.15639999508857727,0.5503000020980835,0.6635000109672546,0.7997999787330627,0.8245999813079834
F7,0.14659999310970306,0.5543000102043152,0.6694999933242798,0.7735999822616577,0.8288000226020813
F8,0.147599995136261,0.5532000064849854,0.670799970626831,0.789900004863739,0.8478999733924866
F9,0.1386999934911728,0.5479999780654907,0.6657000184059143,0.7763000130653381,0.8203999996185303
F10,0.1444000005722046,0.5699999928474426,0.6973999738693237,0.7922999858856201,0.8385999798774719
F11,0.14110000431537628,0.5458999872207642,0.8436999917030334,0.7872999906539917,0.8270000219345093
F12,0.14350000023841858,0.5321000218391418,0.661300003528595,0.7777000069618225,0.824400007724762
G1,0.12600000202655792,0.11789999902248383,0.6237999796867371,0.675599992275238,0.7200000286102295
G2,0.12409999966621399,0.11429999768733978,0.11550000309944153,0.11289999634027481,0.10999999940395355
G3,0.12189999967813492,0.11620000004768372,0.5763999819755554,0.71670001745224,0.7612000107765198
G4,0.13300000131130219,0.12219999730587006,0.1234000027179718,0.19460000097751617,0.11630000174045563
G5,0.13920000195503235,0.1242000013589859,0.8210999965667725,1.0633000135421753,0.7901999950408936
G6,0.1404999941587448,0.12370000034570694,0.24060000479221344,0.6700999736785889,0.7246999740600586
G7,0.1354999989271164,0.12439999729394913,0.1185000017285347,0.15379999577999115,0.11599999666213989
G8,0.14470000565052032,0.12890000641345978,0.4174000024795532,0.6589999794960022,0.704200029373169
G9,0.1193000003695488,0.12070000171661377,0.13490000367164612,0.11460000276565552,0.11599999666213989
G10,0.13230000436306,0.12399999797344208,0.6858999729156494,0.717199981212616,0.7760999798774719
G11,0.11969999969005585,0.1143999993801117,0.9469000101089478,0.6840000152587891,0.7261999845504761
G12,0.1289999932050705,0.12030000239610672,0.11909999698400497,0.6259999871253967,0.6747000217437744
H1,0.1298999935388565,0.11919999867677689,0.12129999697208405,0.11890000104904175,0.10589999705553055
H2,0.11559999734163284,0.11469999700784683,0.3725000023841858,0.11100000143051147,0.10819999873638153
H3,0.1306000053882599,0.11680000275373459,0.5812000036239624,0.7304999828338623,0.7928000092506409
H4,0.11860000342130661,0.11659999936819077,0.11460000276565552,0.1137000024318695,0.1177000030875206
H5,0.11819999665021896,0.11699999868869781,0.11890000104904175,0.11940000206232071,0.12110000103712082
H6,0.11890000104904175,0.11659999936819077,0.11540000140666962,0.11500000208616257,0.11779999732971191
H7,0.11259999871253967,0.11159999668598175,0.11159999668598175,0.10859999805688858,0.11079999804496765
H8,0.11249999701976776,0.11190000176429749,0.11079999804496765,0.11270000040531158,0.11410000175237656
H9,0.11389999836683273,0.11249999701976776,0.11180000007152557,0.11140000075101852,0.1128000020980835
H10,0.1315000057220459,0.12389999628067017,0.5831999778747559,0.7376000285148621,0.7868000268936157
H11,0.12770000100135803,0.11829999834299088,0.1151999980211258,0.1469999998807907,0.5358999967575073
H12,0.121799997985363,0.11819999665021896,0.1128000020980835,0.3652999997138977,0.5931000113487244
