measurement,OD600,OD600,OD600,OD600,OD600,GFP 395nm,GFP 395nm,GFP 395nm,GFP 395nm,GFP 395nm,GFP 488nm,GFP 488nm,GFP 488nm,GFP 488nm,GFP 488nm
timestamp,23/09/2026 12:48:08,23/09/2026 15:50:45,24/09/2026 00:57:05,24/09/2026 12:52:18,24/09/2026 16:33:47,23/09/2026 12:49:31,23/09/2026 15:52:08,24/09/2026 00:58:28,24/09/2026 12:53:41,24/09/2026 16:35:11,23/09/2026 12:50:54,23/09/2026 15:53:31,24/09/2026 00:59:51,24/09/2026 12:55:04,24/09/2026 16:36:34
well,,,,,,,,,,,,,,,
A1,0.13609999418258667,0.5303000211715698,0.6471999883651733,0.7573000192642212,0.7943000197410583,1172.0,858.0,852.0,934.0,939.0,351.0,237.0,244.0,229.0,247.0
A2,0.1274999976158142,0.5177000164985657,0.6353999972343445,0.7416999936103821,0.7799999713897705,1224.0,858.0,847.0,925.0,924.0,355.0,238.0,247.0,233.0,248.0
A3,0.13660000264644623,0.51910001039505,0.638700008392334,0.7542999982833862,0.7979000210762024,1247.0,846.0,841.0,917.0,915.0,365.0,237.0,244.0,228.0,242.0
A4,1.0348000526428223,0.9340999722480774,0.9643999934196472,0.9871000051498413,0.9616000056266785,1055.0,964.0,941.0,1016.0,1026.0,255.0,235.0,250.0,232.0,250.0
A5,1.0526000261306763,0.9835000038146973,1.0068000555038452,1.013100028038025,1.0015000104904175,1043.0,970.0,973.0,1042.0,1026.0,249.0,228.0,240.0,230.0,243.0
A6,1.0484999418258667,0.9531999826431274,0.970300018787384,0.9962000250816345,0.9779000282287598,1040.0,977.0,950.0,1022.0,1009.0,262.0,237.0,250.0,239.0,257.0
A7,0.14949999749660492,0.49549999833106995,0.613099992275238,0.7088000178337097,0.7445999979972839,1071.0,778.0,786.0,869.0,844.0,356.0,220.0,229.0,217.0,228.0
A8,0.15309999883174896,0.5102999806404114,0.6297000050544739,0.7573000192642212,0.7878999710083008,1255.0,824.0,843.0,893.0,872.0,352.0,224.0,234.0,220.0,236.0
A9,0.13930000364780426,0.5310999751091003,0.6525999903678894,0.7572000026702881,0.8044999837875366,1248.0,888.0,892.0,931.0,920.0,352.0,227.0,239.0,223.0,234.0
A10,1.0699000358581543,1.0008000135421753,1.0448999404907227,1.0333000421524048,1.0335999727249146,1052.0,1022.0,1006.0,1076.0,1058.0,259.0,237.0,244.0,234.0,245.0
A11,1.0716999769210815,1.0085999965667725,1.0707999467849731,1.0246000289916992,1.0326000452041626,1049.0,1005.0,1009.0,1070.0,1061.0,264.0,239.0,249.0,233.0,241.0
A12,1.0606000423431396,0.9952999949455261,1.0388000011444092,1.0233999490737915,1.0312999486923218,1037.0,1019.0,1015.0,1080.0,1056.0,272.0,242.0,243.0,232.0,244.0
B1,0.13940000534057617,0.5649999976158142,0.6980999708175659,0.7908999919891357,0.815500020980835,1176.0,826.0,839.0,920.0,913.0,387.0,251.0,255.0,244.0,256.0
B2,0.12729999423027039,0.5432000160217285,0.6599000096321106,0.7807000279426575,0.7979000210762024,1185.0,803.0,799.0,878.0,869.0,373.0,242.0,247.0,237.0,252.0
B3,0.14830000698566437,0.5626000165939331,0.6955000162124634,0.8043000102043152,0.8501999974250793,1167.0,811.0,819.0,887.0,884.0,371.0,230.0,238.0,228.0,237.0
B4,1.0441999435424805,0.9994000196456909,1.0052000284194946,0.9980999827384949,0.9789999723434448,1057.0,974.0,953.0,1032.0,1039.0,252.0,226.0,238.0,228.0,244.0
B5,1.0500999689102173,1.024399995803833,1.0513999462127686,1.0357999801635742,1.019700050354004,1058.0,1008.0,983.0,1046.0,1049.0,271.0,241.0,257.0,243.0,255.0
B6,1.0499999523162842,1.0218000411987305,1.0362000465393066,1.0336999893188477,1.0148999691009521,1055.0,985.0,967.0,1031.0,1034.0,251.0,227.0,239.0,231.0,242.0
B7,0.15369999408721924,0.5753999948501587,0.6958000063896179,0.8062999844551086,0.8517000079154968,1201.0,817.0,826.0,869.0,869.0,356.0,223.0,233.0,219.0,232.0
B8,0.15109999477863312,0.5853999853134155,0.7242000102996826,0.8458999991416931,0.8748999834060669,1227.0,864.0,843.0,904.0,880.0,357.0,231.0,242.0,226.0,243.0
B9,0.1535000056028366,0.5759999752044678,0.6996999979019165,0.7968999743461609,0.8381999731063843,1241.0,852.0,852.0,902.0,883.0,367.0,236.0,244.0,232.0,245.0
B10,1.055299997329712,1.0134999752044678,1.0708999633789062,1.030400037765503,1.0255999565124512,1073.0,1011.0,979.0,1039.0,1042.0,264.0,236.0,250.0,236.0,250.0
B11,1.0573999881744385,1.0188000202178955,1.0635000467300415,1.045799970626831,1.0369000434875488,1069.0,1030.0,980.0,1039.0,1045.0,263.0,233.0,247.0,230.0,244.0
B12,1.0651999711990356,1.023800015449524,1.0825999975204468,1.0378999710083008,1.0404000282287598,1062.0,1027.0,987.0,1041.0,1039.0,264.0,229.0,239.0,224.0,239.0
C1,0.133200004696846,0.5026000142097473,0.6176999807357788,0.7080000042915344,0.7473000288009644,1173.0,808.0,827.0,912.0,907.0,369.0,241.0,253.0,239.0,247.0
C2,0.12690000236034393,0.5126000046730042,0.6182000041007996,0.7098000049591064,0.7567999958992004,1179.0,809.0,808.0,914.0,906.0,382.0,247.0,253.0,238.0,251.0
C3,0.13670000433921814,0.521399974822998,0.6381000280380249,0.765999972820282,0.802299976348877,1164.0,803.0,808.0,909.0,900.0,355.0,227.0,231.0,220.0,230.0
C4,1.0356999635696411,0.8966000080108643,0.9300000071525574,0.9290000200271606,0.9096999764442444,1021.0,928.0,898.0,978.0,981.0,248.0,227.0,238.0,229.0,239.0
C5,1.0369999408721924,0.8992999792098999,0.9280999898910522,0.9398000240325928,0.917900025844574,1044.0,919.0,899.0,975.0,957.0,249.0,229.0,240.0,229.0,235.0
C6,1.0480999946594238,0.953000009059906,1.010599970817566,1.0118000507354736,0.9631999731063843,1019.0,938.0,903.0,919.0,979.0,245.0,223.0,236.0,209.0,234.0
C7,0.14589999616146088,0.5440999865531921,0.644599974155426,0.7907000184059143,0.8039000034332275,1258.0,834.0,833.0,871.0,880.0,353.0,222.0,232.0,212.0,223.0
C8,0.15139999985694885,0.5397999882698059,0.663100004196167,0.8108999729156494,0.824999988079071,1207.0,866.0,849.0,907.0,905.0,353.0,229.0,232.0,223.0,234.0
C9,0.13830000162124634,0.5386000275611877,0.6549999713897705,0.7721999883651733,0.8123999834060669,1253.0,883.0,879.0,920.0,904.0,366.0,238.0,242.0,232.0,240.0
C10,1.083899974822998,1.0147000551223755,1.0348999500274658,1.0362000465393066,1.034999966621399,1042.0,986.0,973.0,1066.0,1062.0,265.0,238.0,243.0,237.0,242.0
C11,1.0642000436782837,1.010200023651123,1.0401999950408936,1.0276999473571777,1.0286999940872192,1030.0,970.0,990.0,1061.0,1054.0,255.0,230.0,234.0,223.0,233.0
C12,1.0389000177383423,1.0033999681472778,1.0468000173568726,1.0246000289916992,1.0260000228881836,1045.0,990.0,986.0,1066.0,1040.0,272.0,240.0,241.0,228.0,240.0
D1,0.13339999318122864,0.42809998989105225,0.5227000117301941,0.6093000173568726,0.6485000252723694,884.0,642.0,685.0,739.0,718.0,419.0,253.0,249.0,245.0,251.0
D2,0.12860000133514404,0.5149000287055969,0.6399999856948853,0.7560999989509583,0.7994999885559082,1218.0,842.0,834.0,924.0,903.0,376.0,247.0,252.0,242.0,250.0
D3,0.14869999885559082,0.5443999767303467,0.6714000105857849,0.8033999800682068,0.8345000147819519,1237.0,880.0,857.0,953.0,939.0,381.0,245.0,246.0,237.0,244.0
D4,0.15299999713897705,0.5180000066757202,0.6255999803543091,0.7649000287055969,0.7875999808311462,1154.0,803.0,810.0,879.0,886.0,366.0,220.0,224.0,212.0,221.0
D5,0.1535000056028366,0.5192999839782715,0.6420000195503235,0.7968000173568726,0.8064000010490417,1205.0,807.0,810.0,859.0,891.0,383.0,237.0,238.0,218.0,239.0
D6,0.1459999978542328,0.5260000228881836,0.6577000021934509,0.8515999913215637,0.8052999973297119,1199.0,836.0,799.0,771.0,905.0,383.0,241.0,240.0,209.0,246.0
D7,0.15360000729560852,0.636900007724762,0.7290999889373779,0.9455999732017517,0.798799991607666,1246.0,618.0,622.0,582.0,880.0,383.0,187.0,194.0,165.0,239.0
D8,0.14630000293254852,0.5360999703407288,0.6413999795913696,0.7710999846458435,0.7997000217437744,1230.0,841.0,837.0,873.0,881.0,367.0,230.0,228.0,221.0,230.0
D9,0.13819999992847443,0.5386000275611877,0.6496999859809875,0.7638000249862671,0.794700026512146,1241.0,879.0,885.0,933.0,904.0,369.0,239.0,242.0,231.0,242.0
D10,0.14079999923706055,0.5077999830245972,0.6256999969482422,0.7404000163078308,0.7872999906539917,1209.0,819.0,806.0,884.0,839.0,365.0,237.0,242.0,230.0,238.0
D11,0.13109999895095825,0.5148000121116638,0.7364000082015991,0.7490000128746033,0.785099983215332,1207.0,829.0,834.0,889.0,884.0,379.0,239.0,244.0,233.0,241.0
D12,0.12849999964237213,0.503600001335144,0.7900000214576721,0.7408000230789185,0.7802000045776367,1221.0,835.0,826.0,877.0,873.0,373.0,243.0,247.0,232.0,240.0
E1,0.1324000060558319,0.5404999852180481,0.6686999797821045,0.7497000098228455,0.7967000007629395,1141.0,798.0,811.0,889.0,892.0,390.0,251.0,252.0,244.0,238.0
E2,0.12960000336170197,0.5472999811172485,0.6818000078201294,0.7950999736785889,0.8248000144958496,1196.0,830.0,820.0,900.0,891.0,388.0,252.0,251.0,239.0,238.0
E3,0.1467999964952469,0.5652999877929688,0.7027999758720398,0.8306000232696533,0.8676000237464905,1214.0,822.0,818.0,898.0,888.0,385.0,242.0,247.0,237.0,232.0
E4,0.14740000665187836,0.5770000219345093,0.7616000175476074,0.8361999988555908,0.8733999729156494,1189.0,825.0,825.0,894.0,887.0,398.0,246.0,248.0,241.0,239.0
E5,0.15209999680519104,0.5900999903678894,0.7267000079154968,0.8867999911308289,0.8711000084877014,1194.0,837.0,831.0,807.0,908.0,386.0,245.0,250.0,214.0,232.0
E6,0.14880000054836273,0.5555999875068665,0.6909000277519226,1.2407000064849854,0.8547000288963318,1174.0,794.0,791.0,307.0,876.0,367.0,222.0,221.0,92.0,214.0
E7,0.15469999611377716,0.5722000002861023,0.6392999887466431,0.8083000183105469,0.7401000261306763,981.0,668.0,682.0,653.0,756.0,395.0,235.0,239.0,205.0,229.0
E8,0.1671999990940094,0.5814999938011169,0.7085999846458435,0.8224999904632568,0.85589998960495,1220.0,836.0,829.0,888.0,874.0,380.0,240.0,241.0,234.0,227.0
E9,0.14409999549388885,0.5751000046730042,0.7006999850273132,0.8205000162124634,0.8468000292778015,1244.0,854.0,855.0,909.0,891.0,389.0,236.0,240.0,236.0,228.0
E10,0.14880000054836273,0.5929999947547913,0.7368000149726868,0.8385999798774719,0.8723000288009644,1210.0,854.0,842.0,911.0,884.0,357.0,226.0,228.0,219.0,216.0
E11,0.12880000472068787,0.573199987411499,0.8356000185012817,0.8203999996185303,0.8543999791145325,1211.0,870.0,854.0,905.0,873.0,356.0,241.0,246.0,237.0,235.0
E12,0.14560000598430634,0.5609999895095825,0.8985999822616577,0.7993999719619751,0.8338000178337097,1189.0,848.0,834.0,886.0,875.0,390.0,250.0,250.0,245.0,238.0
F1,0.14550000429153442,0.5274999737739563,0.6466000080108643,0.7512000203132629,0.789900004863739,1167.0,837.0,840.0,923.0,915.0,406.0,250.0,249.0,249.0,244.0
F2,0.13019999861717224,0.544700026512146,0.8014000058174133,0.7694000005722046,0.8090999722480774,1206.0,881.0,877.0,940.0,922.0,370.0,239.0,241.0,240.0,239.0
F3,0.1526000052690506,0.5677000284194946,0.6718999743461609,0.8032000064849854,0.8510000109672546,1194.0,874.0,860.0,936.0,922.0,399.0,243.0,246.0,240.0,235.0
F4,0.1492999941110611,0.5478000044822693,0.6730999946594238,0.7928000092506409,0.8407999873161316,1207.0,878.0,865.0,942.0,930.0,397.0,247.0,248.0,243.0,236.0
F5,0.1467999964952469,0.5396999716758728,0.6632999777793884,0.8375999927520752,0.8205000162124634,1190.0,853.0,865.0,777.0,926.0,395.0,244.0,244.0,202.0,237.0
F6,0.15639999508857727,0.5503000020980835,0.6635000109672546,0.7997999787330627,0.8245999813079834,1236.0,868.0,869.0,941.0,945.0,390.0,248.0,245.0,237.0,234.0
F7,0.14659999310970306,0.5543000102043152,0.6694999933242798,0.7735999822616577,0.8288000226020813,1257.0,889.0,874.0,949.0,926.0,378.0,243.0,245.0,237.0,232.0
F8,0.147599995136261,0.5532000064849854,0.670799970626831,0.789900004863739,0.8478999733924866,1241.0,889.0,885.0,935.0,911.0,381.0,243.0,242.0,244.0,234.0
F9,0.1386999934911728,0.5479999780654907,0.6657000184059143,0.7763000130653381,0.8203999996185303,1250.0,880.0,880.0,948.0,919.0,379.0,244.0,242.0,234.0,230.0
F10,0.1444000005722046,0.5699999928474426,0.6973999738693237,0.7922999858856201,0.8385999798774719,1235.0,886.0,881.0,926.0,910.0,384.0,245.0,243.0,239.0,234.0
F11,0.14110000431537628,0.5458999872207642,0.8436999917030334,0.7872999906539917,0.8270000219345093,1184.0,881.0,864.0,909.0,890.0,360.0,218.0,226.0,217.0,214.0
F12,0.14350000023841858,0.5321000218391418,0.661300003528595,0.7777000069618225,0.824400007724762,1244.0,903.0,863.0,934.0,910.0,386.0,247.0,246.0,236.0,236.0
G1,0.12600000202655792,0.11789999902248383,0.6237999796867371,0.675599992275238,0.7200000286102295,1187.0,982.0,804.0,869.0,865.0,385.0,326.0,255.0,246.0,241.0
G2,0.12409999966621399,0.11429999768733978,0.11550000309944153,0.11289999634027481,0.10999999940395355,1208.0,1095.0,1019.0,1068.0,1048.0,406.0,352.0,347.0,340.0,330.0
G3,0.12189999967813492,0.11620000004768372,0.5763999819755554,0.71670001745224,0.7612000107765198,1179.0,1043.0,812.0,893.0,879.0,401.0,368.0,246.0,238.0,232.0
G4,0.13300000131130219,0.12219999730587006,0.1234000027179718,0.19460000097751617,0.11630000174045563,1201.0,1102.0,1056.0,1050.0,1034.0,405.0,396.0,400.0,323.0,337.0
G5,0.13920000195503235,0.1242000013589859,0.8210999965667725,1.0633000135421753,0.7901999950408936,1212.0,1091.0,659.0,606.0,906.0,406.0,409.0,210.0,180.0,235.0
G6,0.1404999941587448,0.12370000034570694,0.24060000479221344,0.6700999736785889,0.7246999740600586,1219.0,1094.0,956.0,864.0,819.0,398.0,393.0,277.0,230.0,216.0
G7,0.1354999989271164,0.12439999729394913,0.1185000017285347,0.15379999577999115,0.11599999666213989,1186.0,1099.0,1051.0,1065.0,1039.0,400.0,394.0,382.0,323.0,312.0
G8,0.14470000565052032,0.12890000641345978,0.4174000024795532,0.6589999794960022,0.704200029373169,1180.0,1090.0,962.0,905.0,889.0,363.0,349.0,259.0,220.0,214.0
G9,0.1193000003695488,0.12070000171661377,0.13490000367164612,0.11460000276565552,0.11599999666213989,1222.0,1119.0,1077.0,1076.0,1057.0,371.0,390.0,373.0,329.0,318.0
G10,0.13230000436306,0.12399999797344208,0.6858999729156494,0.717199981212616,0.7760999798774719,1216.0,1085.0,864.0,907.0,896.0,383.0,388.0,250.0,244.0,237.0
G11,0.11969999969005585,0.1143999993801117,0.9469000101089478,0.6840000152587891,0.7261999845504761,1188.0,995.0,791.0,862.0,851.0,388.0,329.0,245.0,240.0,236.0
G12,0.1289999932050705,0.12030000239610672,0.11909999698400497,0.6259999871253967,0.6747000217437744,1193.0,994.0,998.0,882.0,854.0,404.0,321.0,322.0,247.0,235.0
H1,0.1298999935388565,0.11919999867677689,0.12129999697208405,0.11890000104904175,0.10589999705553055,1269.0,1056.0,1027.0,584.0,459.0,341.0,323.0,316.0,311.0,294.0
H2,0.11559999734163284,0.11469999700784683,0.3725000023841858,0.11100000143051147,0.10819999873638153,1326.0,1079.0,1030.0,1070.0,1067.0,403.0,330.0,325.0,329.0,330.0
H3,0.1306000053882599,0.11680000275373459,0.5812000036239624,0.7304999828338623,0.7928000092506409,1321.0,1177.0,912.0,976.0,969.0,412.0,346.0,242.0,245.0,238.0
H4,0.11860000342130661,0.11659999936819077,0.11460000276565552,0.1137000024318695,0.1177000030875206,69.0,72.0,66.0,69.0,66.0,600.0,555.0,535.0,543.0,545.0
H5,0.11819999665021896,0.11699999868869781,0.11890000104904175,0.11940000206232071,0.12110000103712082,69.0,60.0,61.0,67.0,64.0,581.0,556.0,540.0,551.0,553.0
H6,0.11890000104904175,0.11659999936819077,0.11540000140666962,0.11500000208616257,0.11779999732971191,69.0,67.0,61.0,66.0,64.0,609.0,514.0,499.0,529.0,528.0
H7,0.11259999871253967,0.11159999668598175,0.11159999668598175,0.10859999805688858,0.11079999804496765,98.0,90.0,92.0,65.0,68.0,586.0,573.0,565.0,591.0,585.0
H8,0.11249999701976776,0.11190000176429749,0.11079999804496765,0.11270000040531158,0.11410000175237656,68.0,67.0,63.0,69.0,69.0,601.0,588.0,586.0,588.0,577.0
H9,0.11389999836683273,0.11249999701976776,0.11180000007152557,0.11140000075101852,0.1128000020980835,79.0,74.0,73.0,76.0,73.0,561.0,494.0,476.0,497.0,487.0
H10,0.1315000057220459,0.12389999628067017,0.5831999778747559,0.7376000285148621,0.7868000268936157,1314.0,1209.0,935.0,971.0,964.0,374.0,377.0,256.0,247.0,242.0
H11,0.12770000100135803,0.11829999834299088,0.1151999980211258,0.1469999998807907,0.5358999967575073,1323.0,1156.0,1090.0,1102.0,947.0,404.0,348.0,317.0,303.0,246.0
H12,0.121799997985363,0.11819999665021896,0.1128000020980835,0.3652999997138977,0.5931000113487244,1311.0,1240.0,1060.0,1003.0,938.0,387.0,373.0,311.0,267.0,251.0
