,23/09/2026 12:50:54,23/09/2026 15:53:31,24/09/2026 00:59:51,24/09/2026 12:55:04,24/09/2026 16:36:34
A1,351.0,237.0,244.0,229.0,247.0
A2,355.0,238.0,247.0,233.0,248.0
A3,365.0,237.0,244.0,228.0,242.0
A4,255.0,235.0,250.0,232.0,250.0
A5,249.0,228.0,240.0,230.0,243.0
A6,262.0,237.0,250.0,239.0,257.0
A7,356.0,220.0,229.0,217.0,228.0
A8,352.0,224.0,234.0,220.0,236.0
A9,352.0,227.0,239.0,223.0,234.0
A10,259.0,237.0,244.0,234.0,245.0
A11,264.0,239.0,249.0,233.0,241.0
A12,272.0,242.0,243.0,232.0,244.0
B1,387.0,251.0,255.0,244.0,256.0
B2,373.0,242.0,247.0,237.0,252.0
B3,371.0,230.0,238.0,228.0,237.0
B4,252.0,226.0,238.0,228.0,244.0
B5,271.0,241.0,257.0,243.0,255.0
B6,251.0,227.0,239.0,231.0,242.0
B7,356.0,223.0,233.0,219.0,232.0
B8,357.0,231.0,242.0,226.0,243.0
B9,367.0,236.0,244.0,232.0,245.0
B10,264.0,236.0,250.0,236.0,250.0
B11,263.0,233.0,247.0,230.0,244.0
B12,264.0,229.0,239.0,224.0,239.0
C1,369.0,241.0,253.0,239.0,247.0
C2,382.0,247.0,253.0,238.0,251.0
C3,355.0,227.0,231.0,220.0,230.0
C4,248.0,227.0,238.0,229.0,239.0
C5,249.0,229.0,240.0,229.0,235.0
C6,245.0,223.0,236.0,209.0,234.0
C7,353.0,222.0,232.0,212.0,223.0
C8,353.0,229.0,232.0,223.0,234.0
C9,366.0,238.0,242.0,232.0,240.0
C10,265.0,238.0,243.0,237.0,242.0
C11,255.0,230.0,234.0,223.0,233.0
C12,272.0,240.0,241.0,228.0,240.0
D1,419.0,253.0,249.0,245.0,251.0
D2,376.0,247.0,252.0,242.0,250.0
D3,381.0,245.0,246.0,237.0,244.0
D4,366.0,220.0,224.0,212.0,221.0
D5,383.0,237.0,238.0,218.0,239.0
D6,383.0,241.0,240.0,209.0,246.0
D7,383.0,187.0,194.0,165.0,239.0
D8,367.0,230.0,228.0,221.0,230.0
D9,369.0,239.0,242.0,231.0,242.0
D10,365.0,237.0,242.0,230.0,238.0
D11,379.0,239.0,244.0,233.0,241.0
D12,373.0,243.0,247.0,232.0,240.0
E1,390.0,251.0,252.0,244.0,238.0
E2,388.0,252.0,251.0,239.0,238.0
E3,385.0,242.0,247.0,237.0,232.0
E4,398.0,246.0,248.0,241.0,239.0
E5,386.0,245.0,250.0,214.0,232.0
E6,367.0,222.0,221.0,92.0,214.0
E7,395.0,235.0,239.0,205.0,229.0
E8,380.0,240.0,241.0,234.0,227.0
E9,389.0,236.0,240.0,236.0,228.0
E10,357.0,226.0,228.0,219.0,216.0
E11,356.0,241.0,246.0,237.0,235.0
E12,390.0,250.0,250.0,245.0,238.0
F1,406.0,250.0,249.0,249.0,244.0
F2,370.0,239.0,241.0,240.0,239.0
F3,399.0,243.0,246.0,240.0,235.0
F4,397.0,247.0,248.0,243.0,236.0
F5,395.0,244.0,244.0,202.0,237.0
F6,390.0,248.0,245.0,237.0,234.0
F7,378.0,243.0,245.0,237.0,232.0
F8,381.0,243.0,242.0,244.0,234.0
F9,379.0,244.0,242.0,234.0,230.0
F10,384.0,245.0,243.0,239.0,234.0
F11,360.0,218.0,226.0,217.0,214.0
F12,386.0,247.0,246.0,236.0,236.0
G1,385.0,326.0,255.0,246.0,241.0
G2,406.0,352.0,347.0,340.0,330.0
G3,401.0,368.0,246.0,238.0,232.0
G4,405.0,396.0,400.0,323.0,337.0
G5,406.0,409.0,210.0,180.0,235.0
G6,398.0,393.0,277.0,230.0,216.0
G7,400.0,394.0,382.0,323.0,312.0
G8,363.0,349.0,259.0,220.0,214.0
G9,371.0,390.0,373.0,329.0,318.0
G10,383.0,388.0,250.0,244.0,237.0
G11,388.0,329.0,245.0,240.0,236.0
G12,404.0,321.0,322.0,247.0,235.0
H1,341.0,323.0,316.0,311.0,294.0
H2,403.0,330.0,325.0,329.0,330.0
H3,412.0,346.0,242.0,245.0,238.0
H4,600.0,555.0,535.0,543.0,545.0
H5,581.0,556.0,540.0,551.0,553.0
H6,609.0,514.0,499.0,529.0,528.0
H7,586.0,573.0,565.0,591.0,585.0
H8,601.0,588.0,586.0,588.0,577.0
H9,561.0,494.0,476.0,497.0,487.0
H10,374.0,377.0,256.0,247.0,242.0
H11,404.0,348.0,317.0,303.0,246.0
H12,387.0,373.0,311.0,267.0,251.0
